ID,price
7000,150
7001,150
7002,150
7003,150
7004,150
7005,150
7006,150
7007,150
7008,150
7009,150
7010,150
7011,150
7012,150
7013,150
7014,150
7015,150
7016,150
7017,150
7018,150
7019,150
7020,150
7021,150
7022,150
7023,150
7024,150
7025,150
7026,150
7027,150
7028,150
7029,150
7030,150
7031,150
7032,150
7033,150
7034,150
7035,150
7036,150
7037,150
7038,150
7039,150
7040,150
7041,150
7042,150
7043,150
7044,150
7045,150
7046,150
7047,150
7048,150
7049,150
7050,150
7051,150
7052,150
7053,150
7054,150
7055,150
7056,150
7057,150
7058,150
7059,150
7060,150
7061,150
7062,150
7063,150
7064,150
7065,150
7066,150
7067,150
7068,150
7069,150
7070,150
7071,150
7072,150
7073,150
7074,150
7075,150
7076,150
7077,150
7078,150
7079,150
7080,150
7081,150
7082,150
7083,150
7084,150
7085,150
7086,150
7087,150
7088,150
7089,150
7090,150
7091,150
7092,150
7093,150
7094,150
7095,150
7096,150
7097,150
7098,150
7099,150
7100,150
7101,150
7102,150
7103,150
7104,150
7105,150
7106,150
7107,150
7108,150
7109,150
7110,150
7111,150
7112,150
7113,150
7114,150
7115,150
7116,150
7117,150
7118,150
7119,150
7120,150
7121,150
7122,150
7123,150
7124,150
7125,150
7126,150
7127,150
7128,150
7129,150
7130,150
7131,150
7132,150
7133,150
7134,150
7135,150
7136,150
7137,150
7138,150
7139,150
7140,150
7141,150
7142,150
7143,150
7144,150
7145,150
7146,150
7147,150
7148,150
7149,150
7150,150
7151,150
7152,150
7153,150
7154,150
7155,150
7156,150
7157,150
7158,150
7159,150
7160,150
7161,150
7162,150
7163,150
7164,150
7165,150
7166,150
7167,150
7168,150
7169,150
7170,150
7171,150
7172,150
7173,150
7174,150
7175,150
7176,150
7177,150
7178,150
7179,150
7180,150
7181,150
7182,150
7183,150
7184,150
7185,150
7186,150
7187,150
7188,150
7189,150
7190,150
7191,150
7192,150
7193,150
7194,150
7195,150
7196,150
7197,150
7198,150
7199,150
7200,150
7201,150
7202,150
7203,150
7204,150
7205,150
7206,150
7207,150
7208,150
7209,150
7210,150
7211,150
7212,150
7213,150
7214,150
7215,150
7216,150
7217,150
7218,150
7219,150
7220,150
7221,150
7222,150
7223,150
7224,150
7225,150
7226,150
7227,150
7228,150
7229,150
7230,150
7231,150
7232,150
7233,150
7234,150
7235,150
7236,150
7237,150
7238,150
7239,150
7240,150
7241,150
7242,150
7243,150
7244,150
7245,150
7246,150
7247,150
7248,150
7249,150
7250,150
7251,150
7252,150
7253,150
7254,150
7255,150
7256,150
7257,150
7258,150
7259,150
7260,150
7261,150
7262,150
7263,150
7264,150
7265,150
7266,150
7267,150
7268,150
7269,150
7270,150
7271,150
7272,150
7273,150
7274,150
7275,150
7276,150
7277,150
7278,150
7279,150
7280,150
7281,150
7282,150
7283,150
7284,150
7285,150
7286,150
7287,150
7288,150
7289,150
7290,150
7291,150
7292,150
7293,150
7294,150
7295,150
7296,150
7297,150
7298,150
7299,150
7300,150
7301,150
7302,150
7303,150
7304,150
7305,150
7306,150
7307,150
7308,150
7309,150
7310,150
7311,150
7312,150
7313,150
7314,150
7315,150
7316,150
7317,150
7318,150
7319,150
7320,150
7321,150
7322,150
7323,150
7324,150
7325,150
7326,150
7327,150
7328,150
7329,150
7330,150
7331,150
7332,150
7333,150
7334,150
7335,150
7336,150
7337,150
7338,150
7339,150
7340,150
7341,150
7342,150
7343,150
7344,150
7345,150
7346,150
7347,150
7348,150
7349,150
7350,150
7351,150
7352,150
7353,150
7354,150
7355,150
7356,150
7357,150
7358,150
7359,150
7360,150
7361,150
7362,150
7363,150
7364,150
7365,150
7366,150
7367,150
7368,150
7369,150
7370,150
7371,150
7372,150
7373,150
7374,150
7375,150
7376,150
7377,150
7378,150
7379,150
7380,150
7381,150
7382,150
7383,150
7384,150
7385,150
7386,150
7387,150
7388,150
7389,150
7390,150
7391,150
7392,150
7393,150
7394,150
7395,150
7396,150
7397,150
7398,150
7399,150
7400,150
7401,150
7402,150
7403,150
7404,150
7405,150
7406,150
7407,150
7408,150
7409,150
7410,150
7411,150
7412,150
7413,150
7414,150
7415,150
7416,150
7417,150
7418,150
7419,150
7420,150
7421,150
7422,150
7423,150
7424,150
7425,150
7426,150
7427,150
7428,150
7429,150
7430,150
7431,150
7432,150
7433,150
7434,150
7435,150
7436,150
7437,150
7438,150
7439,150
7440,150
7441,150
7442,150
7443,150
7444,150
7445,150
7446,150
7447,150
7448,150
7449,150
7450,150
7451,150
7452,150
7453,150
7454,150
7455,150
7456,150
7457,150
7458,150
7459,150
7460,150
7461,150
7462,150
7463,150
7464,150
7465,150
7466,150
7467,150
7468,150
7469,150
7470,150
7471,150
7472,150
7473,150
7474,150
7475,150
7476,150
7477,150
7478,150
7479,150
7480,150
7481,150
7482,150
7483,150
7484,150
7485,150
7486,150
7487,150
7488,150
7489,150
7490,150
7491,150
7492,150
7493,150
7494,150
7495,150
7496,150
7497,150
7498,150
7499,150
7500,150
7501,150
7502,150
7503,150
7504,150
7505,150
7506,150
7507,150
7508,150
7509,150
7510,150
7511,150
7512,150
7513,150
7514,150
7515,150
7516,150
7517,150
7518,150
7519,150
7520,150
7521,150
7522,150
7523,150
7524,150
7525,150
7526,150
7527,150
7528,150
7529,150
7530,150
7531,150
7532,150
7533,150
7534,150
7535,150
7536,150
7537,150
7538,150
7539,150
7540,150
7541,150
7542,150
7543,150
7544,150
7545,150
7546,150
7547,150
7548,150
7549,150
7550,150
7551,150
7552,150
7553,150
7554,150
7555,150
7556,150
7557,150
7558,150
7559,150
7560,150
7561,150
7562,150
7563,150
7564,150
7565,150
7566,150
7567,150
7568,150
7569,150
7570,150
7571,150
7572,150
7573,150
7574,150
7575,150
7576,150
7577,150
7578,150
7579,150
7580,150
7581,150
7582,150
7583,150
7584,150
7585,150
7586,150
7587,150
7588,150
7589,150
7590,150
7591,150
7592,150
7593,150
7594,150
7595,150
7596,150
7597,150
7598,150
7599,150
7600,150
7601,150
7602,150
7603,150
7604,150
7605,150
7606,150
7607,150
7608,150
7609,150
7610,150
7611,150
7612,150
7613,150
7614,150
7615,150
7616,150
7617,150
7618,150
7619,150
7620,150
7621,150
7622,150
7623,150
7624,150
7625,150
7626,150
7627,150
7628,150
7629,150
7630,150
7631,150
7632,150
7633,150
7634,150
7635,150
7636,150
7637,150
7638,150
7639,150
7640,150
7641,150
7642,150
7643,150
7644,150
7645,150
7646,150
7647,150
7648,150
7649,150
7650,150
7651,150
7652,150
7653,150
7654,150
7655,150
7656,150
7657,150
7658,150
7659,150
7660,150
7661,150
7662,150
7663,150
7664,150
7665,150
7666,150
7667,150
7668,150
7669,150
7670,150
7671,150
7672,150
7673,150
7674,150
7675,150
7676,150
7677,150
7678,150
7679,150
7680,150
7681,150
7682,150
7683,150
7684,150
7685,150
7686,150
7687,150
7688,150
7689,150
7690,150
7691,150
7692,150
7693,150
7694,150
7695,150
7696,150
7697,150
7698,150
7699,150
7700,150
7701,150
7702,150
7703,150
7704,150
7705,150
7706,150
7707,150
7708,150
7709,150
7710,150
7711,150
7712,150
7713,150
7714,150
7715,150
7716,150
7717,150
7718,150
7719,150
7720,150
7721,150
7722,150
7723,150
7724,150
7725,150
7726,150
7727,150
7728,150
7729,150
7730,150
7731,150
7732,150
7733,150
7734,150
7735,150
7736,150
7737,150
7738,150
7739,150
7740,150
7741,150
7742,150
7743,150
7744,150
7745,150
7746,150
7747,150
7748,150
7749,150
7750,150
7751,150
7752,150
7753,150
7754,150
7755,150
7756,150
7757,150
7758,150
7759,150
7760,150
7761,150
7762,150
7763,150
7764,150
7765,150
7766,150
7767,150
7768,150
7769,150
7770,150
7771,150
7772,150
7773,150
7774,150
7775,150
7776,150
7777,150
7778,150
7779,150
7780,150
7781,150
7782,150
7783,150
7784,150
7785,150
7786,150
7787,150
7788,150
7789,150
7790,150
7791,150
7792,150
7793,150
7794,150
7795,150
7796,150
7797,150
7798,150
7799,150
7800,150
7801,150
7802,150
7803,150
7804,150
7805,150
7806,150
7807,150
7808,150
7809,150
7810,150
7811,150
7812,150
7813,150
7814,150
7815,150
7816,150
7817,150
7818,150
7819,150
7820,150
7821,150
7822,150
7823,150
7824,150
7825,150
7826,150
7827,150
7828,150
7829,150
7830,150
7831,150
7832,150
7833,150
7834,150
7835,150
7836,150
7837,150
7838,150
7839,150
7840,150
7841,150
7842,150
7843,150
7844,150
7845,150
7846,150
7847,150
7848,150
7849,150
7850,150
7851,150
7852,150
7853,150
7854,150
7855,150
7856,150
7857,150
7858,150
7859,150
7860,150
7861,150
7862,150
7863,150
7864,150
7865,150
7866,150
7867,150
7868,150
7869,150
7870,150
7871,150
7872,150
7873,150
7874,150
7875,150
7876,150
7877,150
7878,150
7879,150
7880,150
7881,150
7882,150
7883,150
7884,150
7885,150
7886,150
7887,150
7888,150
7889,150
7890,150
7891,150
7892,150
7893,150
7894,150
7895,150
7896,150
7897,150
7898,150
7899,150
7900,150
7901,150
7902,150
7903,150
7904,150
7905,150
7906,150
7907,150
7908,150
7909,150
7910,150
7911,150
7912,150
7913,150
7914,150
7915,150
7916,150
7917,150
7918,150
7919,150
7920,150
7921,150
7922,150
7923,150
7924,150
7925,150
7926,150
7927,150
7928,150
7929,150
7930,150
7931,150
7932,150
7933,150
7934,150
7935,150
7936,150
7937,150
7938,150
7939,150
7940,150
7941,150
7942,150
7943,150
7944,150
7945,150
7946,150
7947,150
7948,150
7949,150
7950,150
7951,150
7952,150
7953,150
7954,150
7955,150
7956,150
7957,150
7958,150
7959,150
7960,150
7961,150
7962,150
7963,150
7964,150
7965,150
7966,150
7967,150
7968,150
7969,150
7970,150
7971,150
7972,150
7973,150
7974,150
7975,150
7976,150
7977,150
7978,150
7979,150
7980,150
7981,150
7982,150
7983,150
7984,150
7985,150
7986,150
7987,150
7988,150
7989,150
7990,150
7991,150
7992,150
7993,150
7994,150
7995,150
7996,150
7997,150
7998,150
7999,150
8000,150
8001,150
8002,150
8003,150
8004,150
8005,150
8006,150
8007,150
8008,150
8009,150
8010,150
8011,150
8012,150
8013,150
8014,150
8015,150
8016,150
8017,150
8018,150
8019,150
8020,150
8021,150
8022,150
8023,150
8024,150
8025,150
8026,150
8027,150
8028,150
8029,150
8030,150
8031,150
8032,150
8033,150
8034,150
8035,150
8036,150
8037,150
8038,150
8039,150
8040,150
8041,150
8042,150
8043,150
8044,150
8045,150
8046,150
8047,150
8048,150
8049,150
8050,150
8051,150
8052,150
8053,150
8054,150
8055,150
8056,150
8057,150
8058,150
8059,150
8060,150
8061,150
8062,150
8063,150
8064,150
8065,150
8066,150
8067,150
8068,150
8069,150
8070,150
8071,150
8072,150
8073,150
8074,150
8075,150
8076,150
8077,150
8078,150
8079,150
8080,150
8081,150
8082,150
8083,150
8084,150
8085,150
8086,150
8087,150
8088,150
8089,150
8090,150
8091,150
8092,150
8093,150
8094,150
8095,150
8096,150
8097,150
8098,150
8099,150
8100,150
8101,150
8102,150
8103,150
8104,150
8105,150
8106,150
8107,150
8108,150
8109,150
8110,150
8111,150
8112,150
8113,150
8114,150
8115,150
8116,150
8117,150
8118,150
8119,150
8120,150
8121,150
8122,150
8123,150
8124,150
8125,150
8126,150
8127,150
8128,150
8129,150
8130,150
8131,150
8132,150
8133,150
8134,150
8135,150
8136,150
8137,150
8138,150
8139,150
8140,150
8141,150
8142,150
8143,150
8144,150
8145,150
8146,150
8147,150
8148,150
8149,150
8150,150
8151,150
8152,150
8153,150
8154,150
8155,150
8156,150
8157,150
8158,150
8159,150
8160,150
8161,150
8162,150
8163,150
8164,150
8165,150
8166,150
8167,150
8168,150
8169,150
8170,150
8171,150
8172,150
8173,150
8174,150
8175,150
8176,150
8177,150
8178,150
8179,150
8180,150
8181,150
8182,150
8183,150
8184,150
8185,150
8186,150
8187,150
8188,150
8189,150
8190,150
8191,150
8192,150
8193,150
8194,150
8195,150
8196,150
8197,150
8198,150
8199,150
8200,150
8201,150
8202,150
8203,150
8204,150
8205,150
8206,150
8207,150
8208,150
8209,150
8210,150
8211,150
8212,150
8213,150
8214,150
8215,150
8216,150
8217,150
8218,150
8219,150
8220,150
8221,150
8222,150
8223,150
8224,150
8225,150
8226,150
8227,150
8228,150
8229,150
8230,150
8231,150
8232,150
8233,150
8234,150
8235,150
8236,150
8237,150
8238,150
8239,150
8240,150
8241,150
8242,150
8243,150
8244,150
8245,150
8246,150
8247,150
8248,150
8249,150
8250,150
8251,150
8252,150
8253,150
8254,150
8255,150
8256,150
8257,150
8258,150
8259,150
8260,150
8261,150
8262,150
8263,150
8264,150
8265,150
8266,150
8267,150
8268,150
8269,150
8270,150
8271,150
8272,150
8273,150
8274,150
8275,150
8276,150
8277,150
8278,150
8279,150
8280,150
8281,150
8282,150
8283,150
8284,150
8285,150
8286,150
8287,150
8288,150
8289,150
8290,150
8291,150
8292,150
8293,150
8294,150
8295,150
8296,150
8297,150
8298,150
8299,150
8300,150
8301,150
8302,150
8303,150
8304,150
8305,150
8306,150
8307,150
8308,150
8309,150
8310,150
8311,150
8312,150
8313,150
8314,150
8315,150
8316,150
8317,150
8318,150
8319,150
8320,150
8321,150
8322,150
8323,150
8324,150
8325,150
8326,150
8327,150
8328,150
8329,150
8330,150
8331,150
8332,150
8333,150
8334,150
8335,150
8336,150
8337,150
8338,150
8339,150
8340,150
8341,150
8342,150
8343,150
8344,150
8345,150
8346,150
8347,150
8348,150
8349,150
8350,150
8351,150
8352,150
8353,150
8354,150
8355,150
8356,150
8357,150
8358,150
8359,150
8360,150
8361,150
8362,150
8363,150
8364,150
8365,150
8366,150
8367,150
8368,150
8369,150
8370,150
8371,150
8372,150
8373,150
8374,150
8375,150
8376,150
8377,150
8378,150
8379,150
8380,150
8381,150
8382,150
8383,150
8384,150
8385,150
8386,150
8387,150
8388,150
8389,150
8390,150
8391,150
8392,150
8393,150
8394,150
8395,150
8396,150
8397,150
8398,150
8399,150
8400,150
8401,150
8402,150
8403,150
8404,150
8405,150
8406,150
8407,150
8408,150
8409,150
8410,150
8411,150
8412,150
8413,150
8414,150
8415,150
8416,150
8417,150
8418,150
8419,150
8420,150
8421,150
8422,150
8423,150
8424,150
8425,150
8426,150
8427,150
8428,150
8429,150
8430,150
8431,150
8432,150
8433,150
8434,150
8435,150
8436,150
8437,150
8438,150
8439,150
8440,150
8441,150
8442,150
8443,150
8444,150
8445,150
8446,150
8447,150
8448,150
8449,150
8450,150
8451,150
8452,150
8453,150
8454,150
8455,150
8456,150
8457,150
8458,150
8459,150
8460,150
8461,150
8462,150
8463,150
8464,150
8465,150
8466,150
8467,150
8468,150
8469,150
8470,150
8471,150
8472,150
8473,150
8474,150
8475,150
8476,150
8477,150
8478,150
8479,150
8480,150
8481,150
8482,150
8483,150
8484,150
8485,150
8486,150
8487,150
8488,150
8489,150
8490,150
8491,150
8492,150
8493,150
8494,150
8495,150
8496,150
8497,150
8498,150
8499,150
8500,150
8501,150
8502,150
8503,150
8504,150
8505,150
8506,150
8507,150
8508,150
8509,150
8510,150
8511,150
8512,150
8513,150
8514,150
8515,150
8516,150
8517,150
8518,150
8519,150
8520,150
8521,150
8522,150
8523,150
8524,150
8525,150
8526,150
8527,150
8528,150
8529,150
8530,150
8531,150
8532,150
8533,150
8534,150
8535,150
8536,150
8537,150
8538,150
8539,150
8540,150
8541,150
8542,150
8543,150
8544,150
8545,150
8546,150
8547,150
8548,150
8549,150
8550,150
8551,150
8552,150
8553,150
8554,150
8555,150
8556,150
8557,150
8558,150
8559,150
8560,150
8561,150
8562,150
8563,150
8564,150
8565,150
8566,150
8567,150
8568,150
8569,150
8570,150
8571,150
8572,150
8573,150
8574,150
8575,150
8576,150
8577,150
8578,150
8579,150
8580,150
8581,150
8582,150
8583,150
8584,150
8585,150
8586,150
8587,150
8588,150
8589,150
8590,150
8591,150
8592,150
8593,150
8594,150
8595,150
8596,150
8597,150
8598,150
8599,150
8600,150
8601,150
8602,150
8603,150
8604,150
8605,150
8606,150
8607,150
8608,150
8609,150
8610,150
8611,150
8612,150
8613,150
8614,150
8615,150
8616,150
8617,150
8618,150
8619,150
8620,150
8621,150
8622,150
8623,150
8624,150
8625,150
8626,150
8627,150
8628,150
8629,150
8630,150
8631,150
8632,150
8633,150
8634,150
8635,150
8636,150
8637,150
8638,150
8639,150
8640,150
8641,150
8642,150
8643,150
8644,150
8645,150
8646,150
8647,150
8648,150
8649,150
8650,150
8651,150
8652,150
8653,150
8654,150
8655,150
8656,150
8657,150
8658,150
8659,150
8660,150
8661,150
8662,150
8663,150
8664,150
8665,150
8666,150
8667,150
8668,150
8669,150
8670,150
8671,150
8672,150
8673,150
8674,150
8675,150
8676,150
8677,150
8678,150
8679,150
8680,150
8681,150
8682,150
8683,150
8684,150
8685,150
8686,150
8687,150
8688,150
8689,150
8690,150
8691,150
8692,150
8693,150
8694,150
8695,150
8696,150
8697,150
8698,150
8699,150
8700,150
8701,150
8702,150
8703,150
8704,150
8705,150
8706,150
8707,150
8708,150
8709,150
8710,150
8711,150
8712,150
8713,150
8714,150
8715,150
8716,150
8717,150
8718,150
8719,150
8720,150
8721,150
8722,150
8723,150
8724,150
8725,150
8726,150
8727,150
8728,150
8729,150
8730,150
8731,150
8732,150
8733,150
8734,150
8735,150
8736,150
8737,150
8738,150
8739,150
8740,150
8741,150
8742,150
8743,150
8744,150
8745,150
8746,150
8747,150
8748,150
8749,150
8750,150
8751,150
8752,150
8753,150
8754,150
8755,150
8756,150
8757,150
8758,150
8759,150
8760,150
8761,150
8762,150
8763,150
8764,150
8765,150
8766,150
8767,150
8768,150
8769,150
8770,150
8771,150
8772,150
8773,150
8774,150
8775,150
8776,150
8777,150
8778,150
8779,150
8780,150
8781,150
8782,150
8783,150
8784,150
8785,150
8786,150
8787,150
8788,150
8789,150
8790,150
8791,150
8792,150
8793,150
8794,150
8795,150
8796,150
8797,150
8798,150
8799,150
8800,150
8801,150
8802,150
8803,150
8804,150
8805,150
8806,150
8807,150
8808,150
8809,150
8810,150
8811,150
8812,150
8813,150
8814,150
8815,150
8816,150
8817,150
8818,150
8819,150
8820,150
8821,150
8822,150
8823,150
8824,150
8825,150
8826,150
8827,150
8828,150
8829,150
8830,150
8831,150
8832,150
8833,150
8834,150
8835,150
8836,150
8837,150
8838,150
8839,150
8840,150
8841,150
8842,150
8843,150
8844,150
8845,150
8846,150
8847,150
8848,150
8849,150
8850,150
8851,150
8852,150
8853,150
8854,150
8855,150
8856,150
8857,150
8858,150
8859,150
8860,150
8861,150
8862,150
8863,150
8864,150
8865,150
8866,150
8867,150
8868,150
8869,150
8870,150
8871,150
8872,150
8873,150
8874,150
8875,150
8876,150
8877,150
8878,150
8879,150
8880,150
8881,150
8882,150
8883,150
8884,150
8885,150
8886,150
8887,150
8888,150
8889,150
8890,150
8891,150
8892,150
8893,150
8894,150
8895,150
8896,150
8897,150
8898,150
8899,150
8900,150
8901,150
8902,150
8903,150
8904,150
8905,150
8906,150
8907,150
8908,150
8909,150
8910,150
8911,150
8912,150
8913,150
8914,150
8915,150
8916,150
8917,150
8918,150
8919,150
8920,150
8921,150
8922,150
8923,150
8924,150
8925,150
8926,150
8927,150
8928,150
8929,150
8930,150
8931,150
8932,150
8933,150
8934,150
8935,150
8936,150
8937,150
8938,150
8939,150
8940,150
8941,150
8942,150
8943,150
8944,150
8945,150
8946,150
8947,150
8948,150
8949,150
8950,150
8951,150
8952,150
8953,150
8954,150
8955,150
8956,150
8957,150
8958,150
8959,150
8960,150
8961,150
8962,150
8963,150
8964,150
8965,150
8966,150
8967,150
8968,150
8969,150
8970,150
8971,150
8972,150
8973,150
8974,150
8975,150
8976,150
8977,150
8978,150
8979,150
8980,150
8981,150
8982,150
8983,150
8984,150
8985,150
8986,150
8987,150
8988,150
8989,150
8990,150
8991,150
8992,150
8993,150
8994,150
8995,150
8996,150
8997,150
8998,150
8999,150
9000,150
9001,150
9002,150
9003,150
9004,150
9005,150
9006,150
9007,150
9008,150
9009,150
9010,150
9011,150
9012,150
9013,150
9014,150
9015,150
9016,150
9017,150
9018,150
9019,150
9020,150
9021,150
9022,150
9023,150
9024,150
9025,150
9026,150
9027,150
9028,150
9029,150
9030,150
9031,150
9032,150
9033,150
9034,150
9035,150
9036,150
9037,150
9038,150
9039,150
9040,150
9041,150
9042,150
9043,150
9044,150
9045,150
9046,150
9047,150
9048,150
9049,150
9050,150
9051,150
9052,150
9053,150
9054,150
9055,150
9056,150
9057,150
9058,150
9059,150
9060,150
9061,150
9062,150
9063,150
9064,150
9065,150
9066,150
9067,150
9068,150
9069,150
9070,150
9071,150
9072,150
9073,150
9074,150
9075,150
9076,150
9077,150
9078,150
9079,150
9080,150
9081,150
9082,150
9083,150
9084,150
9085,150
9086,150
9087,150
9088,150
9089,150
9090,150
9091,150
9092,150
9093,150
9094,150
9095,150
9096,150
9097,150
9098,150
9099,150
9100,150
9101,150
9102,150
9103,150
9104,150
9105,150
9106,150
9107,150
9108,150
9109,150
9110,150
9111,150
9112,150
9113,150
9114,150
9115,150
9116,150
9117,150
9118,150
9119,150
9120,150
9121,150
9122,150
9123,150
9124,150
9125,150
9126,150
9127,150
9128,150
9129,150
9130,150
9131,150
9132,150
9133,150
9134,150
9135,150
9136,150
9137,150
9138,150
9139,150
9140,150
9141,150
9142,150
9143,150
9144,150
9145,150
9146,150
9147,150
9148,150
9149,150
9150,150
9151,150
9152,150
9153,150
9154,150
9155,150
9156,150
9157,150
9158,150
9159,150
9160,150
9161,150
9162,150
9163,150
9164,150
9165,150
9166,150
9167,150
9168,150
9169,150
9170,150
9171,150
9172,150
9173,150
9174,150
9175,150
9176,150
9177,150
9178,150
9179,150
9180,150
9181,150
9182,150
9183,150
9184,150
9185,150
9186,150
9187,150
9188,150
9189,150
9190,150
9191,150
9192,150
9193,150
9194,150
9195,150
9196,150
9197,150
9198,150
9199,150
9200,150
9201,150
9202,150
9203,150
9204,150
9205,150
9206,150
9207,150
9208,150
9209,150
9210,150
9211,150
9212,150
9213,150
9214,150
9215,150
9216,150
9217,150
9218,150
9219,150
9220,150
9221,150
9222,150
9223,150
9224,150
9225,150
9226,150
9227,150
9228,150
9229,150
9230,150
9231,150
9232,150
9233,150
9234,150
9235,150
9236,150
9237,150
9238,150
9239,150
9240,150
9241,150
9242,150
9243,150
9244,150
9245,150
9246,150
9247,150
9248,150
9249,150
9250,150
9251,150
9252,150
9253,150
9254,150
9255,150
9256,150
9257,150
9258,150
9259,150
9260,150
9261,150
9262,150
9263,150
9264,150
9265,150
9266,150
9267,150
9268,150
9269,150
9270,150
9271,150
9272,150
9273,150
9274,150
9275,150
9276,150
9277,150
9278,150
9279,150
9280,150
9281,150
9282,150
9283,150
9284,150
9285,150
9286,150
9287,150
9288,150
9289,150
9290,150
9291,150
9292,150
9293,150
9294,150
9295,150
9296,150
9297,150
9298,150
9299,150
9300,150
9301,150
9302,150
9303,150
9304,150
9305,150
9306,150
9307,150
9308,150
9309,150
9310,150
9311,150
9312,150
9313,150
9314,150
9315,150
9316,150
9317,150
9318,150
9319,150
9320,150
9321,150
9322,150
9323,150
9324,150
9325,150
9326,150
9327,150
9328,150
9329,150
9330,150
9331,150
9332,150
9333,150
9334,150
9335,150
9336,150
9337,150
9338,150
9339,150
9340,150
9341,150
9342,150
9343,150
9344,150
9345,150
9346,150
9347,150
9348,150
9349,150
9350,150
9351,150
9352,150
9353,150
9354,150
9355,150
9356,150
9357,150
9358,150
9359,150
9360,150
9361,150
9362,150
9363,150
9364,150
9365,150
9366,150
9367,150
9368,150
9369,150
9370,150
9371,150
9372,150
9373,150
9374,150
9375,150
9376,150
9377,150
9378,150
9379,150
9380,150
9381,150
9382,150
9383,150
9384,150
9385,150
9386,150
9387,150
9388,150
9389,150
9390,150
9391,150
9392,150
9393,150
9394,150
9395,150
9396,150
9397,150
9398,150
9399,150
9400,150
9401,150
9402,150
9403,150
9404,150
9405,150
9406,150
9407,150
9408,150
9409,150
9410,150
9411,150
9412,150
9413,150
9414,150
9415,150
9416,150
9417,150
9418,150
9419,150
9420,150
9421,150
9422,150
9423,150
9424,150
9425,150
9426,150
9427,150
9428,150
9429,150
9430,150
9431,150
9432,150
9433,150
9434,150
9435,150
9436,150
9437,150
9438,150
9439,150
9440,150
9441,150
9442,150
9443,150
9444,150
9445,150
9446,150
9447,150
9448,150
9449,150
9450,150
9451,150
9452,150
9453,150
9454,150
9455,150
9456,150
9457,150
9458,150
9459,150
9460,150
9461,150
9462,150
9463,150
9464,150
9465,150
9466,150
9467,150
9468,150
9469,150
9470,150
9471,150
9472,150
9473,150
9474,150
9475,150
9476,150
9477,150
9478,150
9479,150
9480,150
9481,150
9482,150
9483,150
9484,150
9485,150
9486,150
9487,150
9488,150
9489,150
9490,150
9491,150
9492,150
9493,150
9494,150
9495,150
9496,150
9497,150
9498,150
9499,150
9500,150
9501,150
9502,150
9503,150
9504,150
9505,150
9506,150
9507,150
9508,150
9509,150
9510,150
9511,150
9512,150
9513,150
9514,150
9515,150
9516,150
9517,150
9518,150
9519,150
9520,150
9521,150
9522,150
9523,150
9524,150
9525,150
9526,150
9527,150
9528,150
9529,150
9530,150
9531,150
9532,150
9533,150
9534,150
9535,150
9536,150
9537,150
9538,150
9539,150
9540,150
9541,150
9542,150
9543,150
9544,150
9545,150
9546,150
9547,150
9548,150
9549,150
9550,150
9551,150
9552,150
9553,150
9554,150
9555,150
9556,150
9557,150
9558,150
9559,150
9560,150
9561,150
9562,150
9563,150
9564,150
9565,150
9566,150
9567,150
9568,150
9569,150
9570,150
9571,150
9572,150
9573,150
9574,150
9575,150
9576,150
9577,150
9578,150
9579,150
9580,150
9581,150
9582,150
9583,150
9584,150
9585,150
9586,150
9587,150
9588,150
9589,150
9590,150
9591,150
9592,150
9593,150
9594,150
9595,150
9596,150
9597,150
9598,150
9599,150
9600,150
9601,150
9602,150
9603,150
9604,150
9605,150
9606,150
9607,150
9608,150
9609,150
9610,150
9611,150
9612,150
9613,150
9614,150
9615,150
9616,150
9617,150
9618,150
9619,150
9620,150
9621,150
9622,150
9623,150
9624,150
9625,150
9626,150
9627,150
9628,150
9629,150
9630,150
9631,150
9632,150
9633,150
9634,150
9635,150
9636,150
9637,150
9638,150
9639,150
9640,150
9641,150
9642,150
9643,150
9644,150
9645,150
9646,150
9647,150
9648,150
9649,150
9650,150
9651,150
9652,150
9653,150
9654,150
9655,150
9656,150
9657,150
9658,150
9659,150
9660,150
9661,150
9662,150
9663,150
9664,150
9665,150
9666,150
9667,150
9668,150
9669,150
9670,150
9671,150
9672,150
9673,150
9674,150
9675,150
9676,150
9677,150
9678,150
9679,150
9680,150
9681,150
9682,150
9683,150
9684,150
9685,150
9686,150
9687,150
9688,150
9689,150
9690,150
9691,150
9692,150
9693,150
9694,150
9695,150
9696,150
9697,150
9698,150
9699,150
9700,150
9701,150
9702,150
9703,150
9704,150
9705,150
9706,150
9707,150
9708,150
9709,150
9710,150
9711,150
9712,150
9713,150
9714,150
9715,150
9716,150
9717,150
9718,150
9719,150
9720,150
9721,150
9722,150
9723,150
9724,150
9725,150
9726,150
9727,150
9728,150
9729,150
9730,150
9731,150
9732,150
9733,150
9734,150
9735,150
9736,150
9737,150
9738,150
9739,150
9740,150
9741,150
9742,150
9743,150
9744,150
9745,150
9746,150
9747,150
9748,150
9749,150
9750,150
9751,150
9752,150
9753,150
9754,150
9755,150
9756,150
9757,150
9758,150
9759,150
9760,150
9761,150
9762,150
9763,150
9764,150
9765,150
9766,150
9767,150
9768,150
9769,150
9770,150
9771,150
9772,150
9773,150
9774,150
9775,150
9776,150
9777,150
9778,150
9779,150
9780,150
9781,150
9782,150
9783,150
9784,150
9785,150
9786,150
9787,150
9788,150
9789,150
9790,150
9791,150
9792,150
9793,150
9794,150
9795,150
9796,150
9797,150
9798,150
9799,150
9800,150
9801,150
9802,150
9803,150
9804,150
9805,150
9806,150
9807,150
9808,150
9809,150
9810,150
9811,150
9812,150
9813,150
9814,150
9815,150
9816,150
9817,150
9818,150
9819,150
9820,150
9821,150
9822,150
9823,150
9824,150
9825,150
9826,150
9827,150
9828,150
9829,150
9830,150
9831,150
9832,150
9833,150
9834,150
9835,150
9836,150
9837,150
9838,150
9839,150
9840,150
9841,150
9842,150
9843,150
9844,150
9845,150
9846,150
9847,150
9848,150
9849,150
9850,150
9851,150
9852,150
9853,150
9854,150
9855,150
9856,150
9857,150
9858,150
9859,150
9860,150
9861,150
9862,150
9863,150
9864,150
9865,150
9866,150
9867,150
9868,150
9869,150
9870,150
9871,150
9872,150
9873,150
9874,150
9875,150
9876,150
9877,150
9878,150
9879,150
9880,150
9881,150
9882,150
9883,150
9884,150
9885,150
9886,150
9887,150
9888,150
9889,150
9890,150
9891,150
9892,150
9893,150
9894,150
9895,150
9896,150
9897,150
9898,150
9899,150
9900,150
9901,150
9902,150
9903,150
9904,150
9905,150
9906,150
9907,150
9908,150
9909,150
9910,150
9911,150
9912,150
9913,150
9914,150
9915,150
9916,150
9917,150
9918,150
9919,150
9920,150
9921,150
9922,150
9923,150
9924,150
9925,150
9926,150
9927,150
9928,150
9929,150
9930,150
9931,150
9932,150
9933,150
9934,150
9935,150
9936,150
9937,150
9938,150
9939,150
9940,150
9941,150
9942,150
9943,150
9944,150
9945,150
9946,150
9947,150
9948,150
9949,150
9950,150
9951,150
9952,150
9953,150
9954,150
9955,150
9956,150
9957,150
9958,150
9959,150
9960,150
9961,150
9962,150
9963,150
9964,150
9965,150
9966,150
9967,150
9968,150
9969,150
9970,150
9971,150
9972,150
9973,150
9974,150
9975,150
9976,150
9977,150
9978,150
9979,150
9980,150
9981,150
9982,150
9983,150
9984,150
9985,150
9986,150
9987,150
9988,150
9989,150
9990,150
9991,150
9992,150
9993,150
9994,150
9995,150
9996,150
9997,150
9998,150
9999,150
